nome_repositorio;release_ant;release_ant_sha;release_ant_date;release_atu;release_atu_sha;release_atu_date;kloc_ant;kloc_atu;qtd_commits_test;qtd_commits_testing;qtd_commits_refactor_test;total_commits_teste;qtd_commits_bug;qtd_commits_fix;qtd_commits_hotfix;qtd_commits_patch;total_commit_correcao;numero_ciclo
bumptech/glide;v2.0.0;8142145086239bb8f9da4b924cfed32af24cb43b;2013-08-27T10:51:59-07:00;v4.0.0;43eb2907e96d180b76c48595836c39c2ce2ab510;2017-08-01T08:31:33-07:00;3.297;24.423;353;2;2;357;12;206;0;5;223;1
halo-dev/halo;v1.0.0;1ef1095632d369afbd5fd492efdf48a41a295e91;2019-06-01T17:36:02+08:00;v2.0.0;540cafcdbf91bd223e23eec7f4470e62de58b523;2022-11-30T17:03:51+00:00;37.419;26.883;253;1;0;254;12;195;0;4;211;1
alibaba/easyexcel;v2.0.0;0530b09c99e084e28db8adcae1d377650075d0c9;2019-09-17T22:58:02+08:00;v4.0.0;fa592214b318a443ac3ea7f48786fc65fa694ff3;2024-06-17T20:05:34+08:00;11.189;18.659;294;0;0;294;78;39;0;23;140;1
ReactiveX/RxJava;v1.0.0;af2ab03a0e2421697fdbfeb494b16f1c36d121c0;2014-11-18 06:11:59 -0800;v2.0.0;3300d19ea0c168a210bf7816503d7805ac93dc49;2016-10-29T12:42:54+02:00;20.273;74.556;479;0;0;479;20;224;1;6;251;1
ReactiveX/RxJava;v2.0.0;3300d19ea0c168a210bf7816503d7805ac93dc49;2016-10-29T12:42:54+02:00;v3.0.0;e793bc1d1a29dca18be795cf4a7628e2d44a4234;2020-02-13T18:13:56+01:00;74.556;102.212;419;0;1;420;4;239;0;0;243;2
binarywang/WxJava;1.0.0;1ec4d9b30f0bf7be11a9637b41184c7caf748d48;2014-10-15 09:45:38 +0800;v2.0.0;17c18f59aeb929f579661101955a634455433e4c;2016-07-31T12:47:53+08:00;3.446;13.536;96;0;0;96;3;17;1;2;23;1
binarywang/WxJava;v2.0.0;17c18f59aeb929f579661101955a634455433e4c;2016-07-31T12:47:53+08:00;v3.0.0;89d7beb36cd140192480df4e8f632d5c80055990;2018-03-28T20:45:17+08:00;13.536;24.173;273;0;0;273;1;48;0;3;52;2
binarywang/WxJava;v3.0.0;89d7beb36cd140192480df4e8f632d5c80055990;2018-03-28T20:45:17+08:00;v4.0.0;bf92d03529dd4021631eb6d1c50c39830389916f;2020-11-29T23:50:40+08:00;24.173;52.963;271;0;0;271;82;10;0;0;92;3
apolloconfig/apollo;v1.0.0;a3cf5b2b6d8462e37dc90f327e064964323d2a80;2018-08-09T13:07:17+08:00;v2.0.0;cb308cb7a9b08178046f747c1f02c8385eeca28c;2022-05-12T09:03:03+08:00;53.51;72.371;139;0;0;139;10;132;0;2;144;1
alibaba/nacos;1.0.0;97ddd39b644ae40adfb41adec3789bcff0f3ebed;2019-04-10T22:56:21+08:00;2.0.0;580f73e4f359da8bf8b96e951ed8928036ef6fe7;2021-03-19T15:53:10+08:00;71.566;133.991;475;1;3;479;66;456;11;4;537;1
alibaba/nacos;2.0.0;580f73e4f359da8bf8b96e951ed8928036ef6fe7;2021-03-19T15:53:10+08:00;3.0.0;350e4c5a9c9677b0f6f571094349c6ada1a5fc28;2025-04-25T17:43:38+08:00;133.991;209.395;870;0;1;871;55;493;1;2;551;2
apache/incubator-seata;v1.0.0;5bdbc44e524263a47aa51a1a2a648b120456ee5b;2019-12-21T00:59:09+08:00;v2.0.0;f43e2a9268992b161f38c4d6eccc77646cc39ff4;2023-11-24T11:51:15+08:00;58.389;209.139;365;1;0;366;341;251;0;0;592;1
google/guava;v1.0;14dd2269fa72913d92038876162babb8d9736f9b;2010-04-09T17:32:12+00:00;v2.0;f5ad01f0326405c321a4d1a7bbafb01b7d4d5074;2010-01-11T17:13:23+00:00;6.808;24.263;0;0;0;0;0;1;0;0;1;1
google/guava;v2.0;f5ad01f0326405c321a4d1a7bbafb01b7d4d5074;2010-01-11T17:13:23+00:00;v3.0;a393220268c8bfc6c81f7631a7930386942f96dd;2010-06-03T00:26:58+00:00;24.263;26.849;0;0;0;0;0;0;0;0;0;2
google/guava;v3.0;a393220268c8bfc6c81f7631a7930386942f96dd;2010-06-03T00:26:58+00:00;v4.0;00efa0ca1b0ab665d1f3d6deacbb156cf797ebdf;2010-06-03T00:26:58+00:00;26.849;27.482;1;0;0;1;0;0;0;0;0;3
google/guava;v4.0;00efa0ca1b0ab665d1f3d6deacbb156cf797ebdf;2010-06-03T00:26:58+00:00;v5.0;1ab3ec73dfcbc91bb989ec9dcb0fea790500eb54;2010-06-03T00:26:58+00:00;27.482;31.571;1;0;0;1;1;2;0;0;3;4
google/guava;v5.0;1ab3ec73dfcbc91bb989ec9dcb0fea790500eb54;2010-06-03T00:26:58+00:00;v6.0;9b62975717d16970f86441a9cb42ba84db33309f;2010-07-08T21:54:56+00:00;31.571;31.688;3;0;0;3;2;3;0;0;5;5
google/guava;v6.0;9b62975717d16970f86441a9cb42ba84db33309f;2010-07-08T21:54:56+00:00;v7.0;13bc6c9bf52aa45fe4371357546b7ca66f317df2;2010-09-22T19:12:43+00:00;31.688;47.076;5;0;0;5;0;3;0;0;3;6
google/guava;v7.0;13bc6c9bf52aa45fe4371357546b7ca66f317df2;2010-09-22T19:12:43+00:00;v8.0;0bb8549ef75fd8a7f367560ade790eae39d9279f;2011-01-31T17:56:14+00:00;47.076;48.815;7;2;0;9;1;2;0;0;3;7
google/guava;v8.0;0bb8549ef75fd8a7f367560ade790eae39d9279f;2011-01-31T17:56:14+00:00;v9.0;28d17c4fafb4d37b3d540e0e76ff8142d2aaad6b;2011-04-08T14:35:37+00:00;48.815;51.146;7;0;0;7;0;0;0;0;0;8
google/guava;v9.0;28d17c4fafb4d37b3d540e0e76ff8142d2aaad6b;2011-04-08T14:35:37+00:00;v10.0;baf008c5a3de60e8399852f23979bf69f2660023;2011-09-27T14:22:36-04:00;51.146;75.856;54;0;0;54;2;4;0;0;6;9
google/guava;v10.0;baf008c5a3de60e8399852f23979bf69f2660023;2011-09-27T14:22:36-04:00;v11.0;5a6bf80c7403d77df18adb41b5b15ea34d28186d;2011-12-17T12:18:18-05:00;75.856;83.783;142;4;1;147;8;28;0;0;36;10
google/guava;v11.0;5a6bf80c7403d77df18adb41b5b15ea34d28186d;2011-12-17T12:18:18-05:00;v12.0;72d281266d52f95bc7df228cd37294c9fa6effe3;2012-04-30T14:04:06-04:00;83.783;90.29;120;3;1;124;10;34;0;0;44;11
google/guava;v12.0;72d281266d52f95bc7df228cd37294c9fa6effe3;2012-04-30T14:04:06-04:00;v13.0;c8511677c7827ab687b7412925ccdae76b6bbff1;2012-08-02T16:19:28-04:00;90.29;96.425;121;5;0;126;3;32;0;0;35;12
google/guava;v13.0;c8511677c7827ab687b7412925ccdae76b6bbff1;2012-08-02T16:19:28-04:00;v14.0;a3c71e0264ee5bf5eebd341c506dda655c3a6356;2013-02-25T13:43:45-05:00;96.425;114.858;242;4;0;246;8;56;0;0;64;13
google/guava;v14.0;a3c71e0264ee5bf5eebd341c506dda655c3a6356;2013-02-25T13:43:45-05:00;v15.0;7ce15119ae3b8ea71bdfd43bd6a0b96f851187d0;2013-09-06T15:34:09-04:00;114.858;136.97;216;0;0;216;10;51;0;1;62;14
google/guava;v15.0;7ce15119ae3b8ea71bdfd43bd6a0b96f851187d0;2013-09-06T15:34:09-04:00;v16.0;2537d1ed4795f8fad737a7bf6d6f93fbdfa28e54;2014-01-17T16:23:13-05:00;136.97;138.846;61;0;0;61;2;18;0;0;20;15
google/guava;v16.0;2537d1ed4795f8fad737a7bf6d6f93fbdfa28e54;2014-01-17T16:23:13-05:00;v17.0;904234dc2f365314c636d29385780faf72db2477;2014-04-22T15:59:22-04:00;138.846;139.623;67;2;0;69;1;16;0;0;17;16
google/guava;v17.0;904234dc2f365314c636d29385780faf72db2477;2014-04-22T15:59:22-04:00;v18.0;798803f026bb9517bcf4e0e9ab2d2e0345023182;2014-08-25T14:39:22-04:00;139.623;139.795;61;1;0;62;4;19;0;2;25;17
google/guava;v18.0;798803f026bb9517bcf4e0e9ab2d2e0345023182;2014-08-25T14:39:22-04:00;v19.0;daa84b68f31898f67a51207e193ee2ddabb088bf;2015-12-09T15:56:41-05:00;139.795;148.071;229;8;0;237;19;61;0;1;81;18
google/guava;v19.0;daa84b68f31898f67a51207e193ee2ddabb088bf;2015-12-09T15:56:41-05:00;v20.0;65f6b4f4b132a051616403bcf74e4034a19d92a1;2016-10-28T16:30:44-04:00;148.071;106.958;328;1;2;331;22;77;0;0;99;19
google/guava;v20.0;65f6b4f4b132a051616403bcf74e4034a19d92a1;2016-10-28T16:30:44-04:00;v21.0;0f025e5d5d39a5d1ab709917f725d48a8464df50;2017-01-12T14:09:51-05:00;106.958;111.641;42;1;0;43;2;22;0;0;24;20
google/guava;v21.0;0f025e5d5d39a5d1ab709917f725d48a8464df50;2017-01-12T14:09:51-05:00;v22.0;7bbdb221feb446cbd38202c133818bc383c413ae;2017-05-22T14:46:19-04:00;111.641;145.407;114;0;0;114;4;21;0;0;25;21
google/guava;v22.0;7bbdb221feb446cbd38202c133818bc383c413ae;2017-05-22T14:46:19-04:00;v23.0;b48cdeb618388a7b1d1c782e1ce2cc60b4f4efca;2017-08-04T16:30:56-04:00;145.407;148.777;62;1;0;63;1;20;0;0;21;22
google/guava;v23.0;b48cdeb618388a7b1d1c782e1ce2cc60b4f4efca;2017-08-04T16:30:56-04:00;v24.0;cebf66be35cceb2c04990805f127506b2197fe33;2018-02-01T15:16:14-05:00;148.777;157.994;125;0;0;125;8;38;0;0;46;23
google/guava;v24.0;cebf66be35cceb2c04990805f127506b2197fe33;2018-02-01T15:16:14-05:00;v25.0;0819c57c91b3ba2695a792b828ae239258681a3e;2018-04-25T18:12:31-04:00;157.994;159.452;29;1;0;30;0;7;0;0;7;24
google/guava;v25.0;0819c57c91b3ba2695a792b828ae239258681a3e;2018-04-25T18:12:31-04:00;v26.0;bbf9295088d668c06e573cea03f01375985c1814;2018-08-01T17:39:54-04:00;159.452;190.762;25;0;0;25;0;10;0;0;10;25
google/guava;v26.0;bbf9295088d668c06e573cea03f01375985c1814;2018-08-01T17:39:54-04:00;v27.0;a35bfd9ea855539354b783ee74839e384f7af98a;2018-10-18T14:07:14-04:00;190.762;191.518;24;0;0;24;1;5;0;0;6;26
google/guava;v27.0;a35bfd9ea855539354b783ee74839e384f7af98a;2018-10-18T14:07:14-04:00;v28.0;9957203c956016b485696ce9d1a4d60f1019c5fd;2019-06-11T19:05:47-04:00;191.518;194.118;51;0;0;51;1;16;0;0;17;27
google/guava;v28.0;9957203c956016b485696ce9d1a4d60f1019c5fd;2019-06-11T19:05:47-04:00;v29.0;2d655e59ee0af2a0cabf877d5f85ababf813ff8e;2020-04-13T17:13:10-04:00;194.118;197.756;107;1;2;110;3;28;0;0;31;28
google/guava;v29.0;2d655e59ee0af2a0cabf877d5f85ababf813ff8e;2020-04-13T17:13:10-04:00;v30.0;f75cd01d3afe83623bb8bd1a8a816ea5245bf285;2020-10-16T16:27:24-04:00;197.756;198.715;58;0;0;58;3;16;0;0;19;29
google/guava;v30.0;f75cd01d3afe83623bb8bd1a8a816ea5245bf285;2020-10-16T16:27:24-04:00;v31.0;6edcfc0a649e4031f4a48ea7f41aa0cb4801db2b;2021-09-24T16:15:46-04:00;198.715;180.576;73;0;0;73;5;28;0;0;33;30
google/guava;v31.0;6edcfc0a649e4031f4a48ea7f41aa0cb4801db2b;2021-09-24T16:15:46-04:00;v32.0.0;6b1f97ced922d48f071153ad9e631d06383033a4;2023-05-26T18:14:55-04:00;180.576;181.423;118;8;0;126;2;30;0;1;33;31
google/guava;v32.0.0;6b1f97ced922d48f071153ad9e631d06383033a4;2023-05-26T18:14:55-04:00;v33.0.0;2214c63670fc161da170ac6e1a2d6d07e1531a55;2023-12-18T15:32:56-05:00;181.423;185.268;53;0;0;53;1;15;0;0;16;32
apache/skywalking;v7.0.0;335624370788004b235e25357cbfb4325387895f;2020-03-18 15:36:45 +0000;v8.0.0;f3a395077b18e56408c69325bfc00de1eb568396;2020-06-12 08:29:30 +0000;99.425;100.44;65;0;0;65;9;37;1;0;47;1
apache/skywalking;v8.0.0;f3a395077b18e56408c69325bfc00de1eb568396;2020-06-12 08:29:30 +0000;v9.0.0;20aeabdee7e7dd0320110efc4ceb790b63010d2f;2022-04-06 08:59:20 +0000;100.44;91.577;471;6;0;477;47;301;0;0;348;2
apache/skywalking;v9.0.0;20aeabdee7e7dd0320110efc4ceb790b63010d2f;2022-04-06 08:59:20 +0000;v10.0.0;a122d2f4d6fb4db4917d89bcec8b7101c0737160;2024-05-09 23:56:18 +0000;91.577;152.547;300;6;0;306;12;229;0;0;241;3
OpenAPITools/openapi-generator;v3.0.0;9c82520637b9cd4415046e78ddb13dec84e89509;2018-06-01T15:48:15+08:00;v4.0.0;37442733120ca60a5a28e765e377871da20d37d0;2019-05-13T20:56:47+08:00;157.62;210.588;395;1;0;396;23;321;0;1;345;1
OpenAPITools/openapi-generator;v4.0.0;37442733120ca60a5a28e765e377871da20d37d0;2019-05-13T20:56:47+08:00;v5.0.0;d7d5e53f2bad69cdb3dffae35eef1f3f1090a22c;2020-12-21T13:04:11+08:00;210.588;267.757;788;4;0;792;69;605;0;3;677;2
OpenAPITools/openapi-generator;v5.0.0;d7d5e53f2bad69cdb3dffae35eef1f3f1090a22c;2020-12-21T13:04:11+08:00;v6.0.0;69f79fb7892948590a9ffe46754c47ddd2634be1;2022-05-26T10:28:01+08:00;267.757;326.194;604;1;0;605;53;487;0;2;542;3
OpenAPITools/openapi-generator;v6.0.0;69f79fb7892948590a9ffe46754c47ddd2634be1;2022-05-26T10:28:01+08:00;v7.0.0;c37fa8a4e8399ebd76d7f190136fd4b851c9aa7e;2023-08-25T15:05:29+08:00;326.194;342.245;678;1;1;680;57;535;2;2;596;4
facebook/fresco;v1.0;262eab4a45041342ebd03b3d02efeea5dc24af5d;2016-12-14 18:57:31 +0000;v2.0.0;35c7032978dc15a9a28f28528005b425308bfaaf;2019-06-13 14:48:06 +0100;41.873;52.593;190;2;0;192;4;122;0;1;127;1
facebook/fresco;v2.0.0;35c7032978dc15a9a28f28528005b425308bfaaf;2019-06-13 14:48:06 +0100;v3.0.0;bfcc9242bbe73b7da9386e4d95cab8a2ac8d42fd;2023-03-17T08:29:36-07:00;52.593;65.214;210;0;1;211;3;140;0;1;144;2
questdb/questdb;1.0;20adbb1c95eea7633842d1f5d21e6f2427e19c88;2014-05-06T03:09:06+01:00;2.0.0;01621cde95debd4c99ffc31b928341b3fa47b54a;2014-08-18T01:13:36+01:00;8.126;12.198;33;0;0;33;2;0;0;0;2;1
questdb/questdb;2.0.0;01621cde95debd4c99ffc31b928341b3fa47b54a;2014-08-18T01:13:36+01:00;3.0.0;5a6043601bd58a8c88e9f3e4cbcd10ef449a937e;2018-10-07T23:16:00+01:00;12.198;206.611;1089;28;19;1136;145;105;0;2;252;2
questdb/questdb;3.0.0;5a6043601bd58a8c88e9f3e4cbcd10ef449a937e;2018-10-07T23:16:00+01:00;4.0.0;f335c014d9460740d3b0c0e34811b4b68dcd60d4;2019-11-19T13:20:51+00:00;206.611;177.353;202;8;4;214;29;44;0;2;75;3
questdb/questdb;4.0.0;f335c014d9460740d3b0c0e34811b4b68dcd60d4;2019-11-19T13:20:51+00:00;5.0.0;0adf2896f2f2421c76993254afe473f04923b7a2;2020-06-17T17:09:16+01:00;177.353;165.807;179;2;1;182;5;146;0;0;151;4
questdb/questdb;5.0.0;0adf2896f2f2421c76993254afe473f04923b7a2;2020-06-17T17:09:16+01:00;6.0.0;d503a5de4008d09f7de431ce136fc7a2788736bc;2021-05-10T14:43:00+01:00;165.807;209.389;192;1;0;193;4;152;0;0;156;5
questdb/questdb;6.0.0;d503a5de4008d09f7de431ce136fc7a2788736bc;2021-05-10T14:43:00+01:00;7.0.0;dd841c382561b3358824fcb3d8833a3296524b64;2023-02-03T20:42:10+00:00;209.389;275.16;656;1;2;659;41;449;0;0;490;6
questdb/questdb;7.0.0;dd841c382561b3358824fcb3d8833a3296524b64;2023-02-03T20:42:10+00:00;8.0.0;d8e0fba05bf4a3e4df99796eae09d854006cec48;2024-05-29 14:34:25 +0100;275.16;363.179;593;0;6;599;9;377;0;0;386;7
questdb/questdb;8.0.0;d8e0fba05bf4a3e4df99796eae09d854006cec48;2024-05-29 14:34:25 +0100;9.0.0;af7b6b5997c115b28af0d33cc7cf6f7577a7b4a6;2025-07-11 11:18:20 +0100;363.179;465.014;472;0;0;472;5;288;0;0;293;8
apache/pulsar;v3.0.0;6354eebcb8aaa0e577afd14ffb65d657595c169c;2023-05-03 06:29:19 +0800;v4.0.0;5cc7457e93b60f72492a0e687322fde35e99bda4;2024-10-21 21:05:17 +0300;340.96;365.101;891;3;1;895;12;851;0;0;863;1
elastic/logstash;v1.0.0;07404dbc06aca4fce3713633157d3abf55e5aa73;2011-05-06T22:52:31-07:00;v2.0.0;a566fab7d135886a33a1caadae9e548bee050179;2015-10-27T18:26:24+00:00;13.028;10.981;871;32;3;906;87;860;0;92;1039;1
elastic/logstash;v2.0.0;a566fab7d135886a33a1caadae9e548bee050179;2015-10-27T18:26:24+00:00;v5.0.0;6ffe6451db6a0157cc6dd23458a0342c3118a9b0;2016-10-25T22:39:48-04:00;10.981;20.102;254;4;1;259;2;135;0;4;141;2
elastic/logstash;v5.0.0;6ffe6451db6a0157cc6dd23458a0342c3118a9b0;2016-10-25T22:39:48-04:00;v6.0.0;be68e31588903bde5ebe8fc76e2d850249b7efb6;2017-11-08T14:39:01+00:00;20.102;51.679;491;5;2;498;10;258;0;2;270;3
elastic/logstash;v6.0.0;be68e31588903bde5ebe8fc76e2d850249b7efb6;2017-11-08T14:39:01+00:00;v7.0.0;26101649981400490f8bab334c61a90a1d6325d2;2019-04-05T15:38:55+01:00;51.679;78.051;360;3;2;365;19;172;0;1;192;4
elastic/logstash;v7.0.0;26101649981400490f8bab334c61a90a1d6325d2;2019-04-05T15:38:55+01:00;v8.0.0;a8ab8ce8b867a476f59af6e0ce77c6840446dbb3;2022-02-10 15:38:47 +0000;78.051;80.616;282;8;1;291;3;144;0;3;150;5
elastic/logstash;v8.0.0;a8ab8ce8b867a476f59af6e0ce77c6840446dbb3;2022-02-10 15:38:47 +0000;v9.0.0;f15ae9fbb067e491795deeed285d44c784f997da;2025-03-17T18:52:12-07:00;80.616;75.629;315;7;1;323;11;144;0;5;160;6
apache/shardingsphere;1.0.0;e4751db92e9fe4fc36c7d6ae55d90e9a669d40f4;2016-02-01T15:33:33+08:00;2.0.0;cb45467938e85fad41a93a7beca38cef12dac7eb;2017-12-04T00:07:12+08:00;16.762;21.819;978;0;137;1115;21;216;0;1;238;1
apache/shardingsphere;2.0.0;cb45467938e85fad41a93a7beca38cef12dac7eb;2017-12-04T00:07:12+08:00;3.0.0;ea8e65b242a30110deadbf703650cf37addbf50e;2018-10-23T17:46:06+08:00;21.819;33.544;2350;9;21;2380;40;301;0;3;344;2
apache/shardingsphere;3.0.0;ea8e65b242a30110deadbf703650cf37addbf50e;2018-10-23T17:46:06+08:00;4.0.0;c1b1c29df0f1f5b818f29e610ef339acfe56aa75;2019-12-30 19:32:22 +0800;33.544;63.193;3953;1;9;3963;114;484;0;4;602;3
apache/shardingsphere;4.0.0;c1b1c29df0f1f5b818f29e610ef339acfe56aa75;2019-12-30 19:32:22 +0800;5.0.0;a3597ba2cadb8bf6dff7b55647baa75a11784700;2021-11-01 23:43:30 +0800;63.193;163.74;3829;3;35;3867;58;1087;0;21;1166;4
arduino/Arduino;1.0;dca1dc429a740edabcb7a214ddddbab5d1946fd3;2011-11-28T18:47:45-05:00;0002;930d31aba3df4878115b3a62d1f078af43d4eb55;2005-10-05 13:47:45 +0000;257.546;59.888;0;0;0;0;0;0;0;0;0;1
arduino/Arduino;0002;930d31aba3df4878115b3a62d1f078af43d4eb55;2005-10-05 13:47:45 +0000;0003;35a520c34f520f1e6d602a43b9271d62584a5bde;2006-01-16 11:33:29 +0000;59.888;60.177;0;0;0;0;0;2;0;0;2;2
arduino/Arduino;0003;35a520c34f520f1e6d602a43b9271d62584a5bde;2006-01-16 11:33:29 +0000;0004;a209d8341acbdc5239ddb71d88c95bf061e0873d;2006-05-02 13:30:52 +0000;60.177;63.5;0;0;0;0;0;5;0;0;5;3
arduino/Arduino;0004;a209d8341acbdc5239ddb71d88c95bf061e0873d;2006-05-02 13:30:52 +0000;0005;517b81848ab32c257209758f0dc76609e892fc60;2006-10-05 19:33:28 +0000;63.5;63.511;0;0;0;0;1;3;0;1;5;4
arduino/Arduino;0005;517b81848ab32c257209758f0dc76609e892fc60;2006-10-05 19:33:28 +0000;0006;9a6893c8872641a16451b3872339955f90abb7a9;2006-11-04 13:21:14 +0000;63.511;64.097;0;0;0;0;0;0;0;0;0;5
arduino/Arduino;0006;9a6893c8872641a16451b3872339955f90abb7a9;2006-11-04 13:21:14 +0000;0007;b9da2429d71c41d841e9efad95e4d52f214431cb;2006-12-25 23:58:47 +0000;64.097;54.023;0;0;0;0;0;2;0;0;2;6
arduino/Arduino;0007;b9da2429d71c41d841e9efad95e4d52f214431cb;2006-12-25 23:58:47 +0000;0008;f5b1bb5e453432f411c30b68204de0ed8ce7a282;2007-06-12 04:36:05 +0000;54.023;55.049;0;0;0;0;4;5;0;3;12;7
arduino/Arduino;0008;f5b1bb5e453432f411c30b68204de0ed8ce7a282;2007-06-12 04:36:05 +0000;0009;4b6a7d2b81c9ec97324e1245409cf8d444458808;2007-09-01 02:25:16 +0000;55.049;56.051;0;0;0;0;1;0;0;0;1;8
arduino/Arduino;0009;4b6a7d2b81c9ec97324e1245409cf8d444458808;2007-09-01 02:25:16 +0000;0010;69bc866eab1d5d1296408f03ca4436b2cddebdf0;2007-10-22 17:48:27 +0000;56.051;75.201;0;0;0;0;0;0;0;0;0;9
arduino/Arduino;0010;69bc866eab1d5d1296408f03ca4436b2cddebdf0;2007-10-22 17:48:27 +0000;0011;409d630454b3d3a68ed6bd40f0e490fa7c9b855a;2008-03-30 16:39:24 +0000;75.201;38.862;1;1;0;2;0;1;0;0;1;10
arduino/Arduino;0011;409d630454b3d3a68ed6bd40f0e490fa7c9b855a;2008-03-30 16:39:24 +0000;0012;aff72f2929dc733dd835d4cbfbff9576e06ef9e7;2008-10-11 14:30:25 +0000;38.862;41.277;0;0;0;0;0;1;0;1;2;11
arduino/Arduino;0012;aff72f2929dc733dd835d4cbfbff9576e06ef9e7;2008-10-11 14:30:25 +0000;0013;a7c0589cace6c6a2a16b50c44f29289d008ecfa9;2009-02-08 12:43:24 +0000;41.277;41.306;1;0;0;1;1;1;0;0;2;12
arduino/Arduino;0013;a7c0589cace6c6a2a16b50c44f29289d008ecfa9;2009-02-08 12:43:24 +0000;0014;1fc1767d9a522aa30dce3db9e2baa3de05f69325;2009-03-12 16:02:40 +0000;41.306;41.327;0;0;0;0;0;1;0;0;1;13
arduino/Arduino;0014;1fc1767d9a522aa30dce3db9e2baa3de05f69325;2009-03-12 16:02:40 +0000;0015;b92c95279b14284bd5e18934d0da233d185e6d93;2009-03-29 08:25:56 +0000;41.327;41.967;0;0;0;0;1;1;0;0;2;14
arduino/Arduino;0015;b92c95279b14284bd5e18934d0da233d185e6d93;2009-03-29 08:25:56 +0000;0016;17752a092ca8020263d77d2d9056cc35c5936b57;2009-06-15 20:08:53 +0000;41.967;42.055;0;0;0;0;2;1;0;5;8;15
arduino/Arduino;0016;17752a092ca8020263d77d2d9056cc35c5936b57;2009-06-15 20:08:53 +0000;0017;54943414c955b58d45467b1b1ae18ae56966387b;2009-08-15 14:50:19 +0000;42.055;243.843;1;0;0;1;2;4;0;0;6;16
arduino/Arduino;0017;54943414c955b58d45467b1b1ae18ae56966387b;2009-08-15 14:50:19 +0000;0018;e8db061b3798fd9a67d4e257b8cdb6e8b3da3692;2010-02-03 15:51:01 +0000;243.843;244.403;0;1;0;1;3;3;0;0;6;17
arduino/Arduino;0018;e8db061b3798fd9a67d4e257b8cdb6e8b3da3692;2010-02-03 15:51:01 +0000;0019;a635997039955631e6d29be831b96e98a47bbabd;2010-09-03 23:51:21 +0000;244.403;243.497;0;0;0;0;0;1;0;0;1;18
arduino/Arduino;0019;a635997039955631e6d29be831b96e98a47bbabd;2010-09-03 23:51:21 +0000;0020;5c22a1e970326a64c3195428246b5acecb61f5b1;2010-09-24T16:29:07-04:00;243.497;248.593;0;0;0;0;0;1;0;0;1;19
arduino/Arduino;0020;5c22a1e970326a64c3195428246b5acecb61f5b1;2010-09-24T16:29:07-04:00;0021;4c26e071c8ced7b1bf3c884550d4d77a4c42c554;2010-10-02T14:03:50-04:00;248.593;248.62;0;0;0;0;0;0;0;0;0;20
arduino/Arduino;0021;4c26e071c8ced7b1bf3c884550d4d77a4c42c554;2010-10-02T14:03:50-04:00;0022;300f5e2ed04fa195cf14c6459996e2e963e7365d;2010-12-24T23:02:34+01:00;248.62;252.517;2;1;0;3;7;8;0;1;16;21
arduino/Arduino;0022;300f5e2ed04fa195cf14c6459996e2e963e7365d;2010-12-24T23:02:34+01:00;0023;bedc1a5de666c2612ef0361677a62d7495af74ae;2011-11-09T20:14:08-05:00;252.517;253.593;0;0;0;0;0;1;0;0;1;22
pinpoint-apm/pinpoint;v2.0.0;ca2947b1f35ee603e92cbbaa5cd65fa8eab2f334;2020-03-12T10:05:12+09:00;v3.0.0;d07f80b9d453b7806d54691a1393af8d5373b32f;2024-05-30T14:36:23+09:00;323.28;452.441;1056;2;0;1058;14;425;0;3;442;1
Netflix/conductor;v2.0.0;3f740ac45cb5ccac34a31a691d53072e3af04df3;2018-10-23T11:14:59-07:00;v3.0.0;23b43be60010baf7912eaf9cd79dd678d35e30e2;2021-04-14T15:19:07-07:00;79.118;72.564;393;1;2;396;35;155;2;18;210;1
keycloak/keycloak;5.0.0;8be9c392f8ef1e52d0a59a9aa5dcccaa31a69daa;2019-03-06T10:49:13+01:00;6.0.0;b60c6d72270e814883631352805348a9d462e8a1;2019-04-16T18:52:03+00:00;852.774;856.023;51;0;1;52;0;11;0;0;11;1
keycloak/keycloak;6.0.0;b60c6d72270e814883631352805348a9d462e8a1;2019-04-16T18:52:03+00:00;7.0.0;e6a274ea0e31c6572e795f3372f006c88122539b;2019-08-23T14:07:35+02:00;856.023;860.041;99;2;2;103;1;36;0;0;37;2
keycloak/keycloak;7.0.0;e6a274ea0e31c6572e795f3372f006c88122539b;2019-08-23T14:07:35+02:00;8.0.0;5e38182d88de39296de0ed19f8220dc6f60e6a52;2019-11-15T15:13:03+00:00;860.041;827.764;105;2;0;107;1;33;0;0;34;3
keycloak/keycloak;8.0.0;5e38182d88de39296de0ed19f8220dc6f60e6a52;2019-11-15T15:13:03+00:00;9.0.0;0e2d63fceb20b276cd7f7cfc5a09ecb8c44a14d2;2020-02-17T11:14:06+00:00;827.764;831.586;149;2;0;151;2;45;0;1;48;4
keycloak/keycloak;9.0.0;0e2d63fceb20b276cd7f7cfc5a09ecb8c44a14d2;2020-02-17T11:14:06+00:00;10.0.0;b1d22d6463d6652b26f8b7180b7e9fec265b77de;2020-04-29T06:58:04+00:00;831.586;828.819;118;1;0;119;0;34;0;1;35;5
keycloak/keycloak;10.0.0;b1d22d6463d6652b26f8b7180b7e9fec265b77de;2020-04-29T06:58:04+00:00;11.0.0;798f1cb2514789d24676b118feafab872d27d838;2020-07-22T08:59:17+00:00;828.819;846.695;114;1;0;115;0;22;0;0;22;6
keycloak/keycloak;11.0.0;798f1cb2514789d24676b118feafab872d27d838;2020-07-22T08:59:17+00:00;12.0.0;2690229863ddbcdfa2c75e00a7a9858e2e03c6c9;2020-12-16T12:02:56+00:00;846.695;861.979;176;2;0;178;3;39;0;0;42;7
keycloak/keycloak;12.0.0;2690229863ddbcdfa2c75e00a7a9858e2e03c6c9;2020-12-16T12:02:56+00:00;13.0.0;af1855ebc6a3d025b58b697c9bc32567fb512eec;2021-05-06T10:38:52+00:00;861.979;885.613;160;1;1;162;2;39;0;0;41;8
keycloak/keycloak;13.0.0;af1855ebc6a3d025b58b697c9bc32567fb512eec;2021-05-06T10:38:52+00:00;14.0.0;af8ea82177311bfdd0b2ee277c78421bac01a46e;2021-06-18T07:09:24+00:00;885.613;907.219;90;0;0;90;0;10;0;0;10;9
keycloak/keycloak;14.0.0;af8ea82177311bfdd0b2ee277c78421bac01a46e;2021-06-18T07:09:24+00:00;15.0.0;0ecb5c115ecc59e73ee8990513be4e817940eef7;2021-07-30T10:38:45+00:00;907.219;915.095;98;1;0;99;0;10;0;0;10;10
keycloak/keycloak;15.0.0;0ecb5c115ecc59e73ee8990513be4e817940eef7;2021-07-30T10:38:45+00:00;16.0.0;7eb964657c38c2241e32f734543f41635e279876;2021-12-17T15:33:56+01:00;915.095;1024.588;169;1;0;170;4;57;0;0;61;11
keycloak/keycloak;16.0.0;7eb964657c38c2241e32f734543f41635e279876;2021-12-17T15:33:56+01:00;17.0.0;6442c0e8c2ccf0075f70c794dc02beb864bed4fc;2022-03-11T09:53:57+01:00;1024.588;551.867;139;0;1;140;1;34;0;0;35;12
keycloak/keycloak;17.0.0;6442c0e8c2ccf0075f70c794dc02beb864bed4fc;2022-03-11T09:53:57+01:00;18.0.0;ef47eee2dda29a0f08187ae67970323c28947f11;2022-04-20T20:32:18+02:00;551.867;538.278;86;0;0;86;0;22;0;1;23;13
keycloak/keycloak;18.0.0;ef47eee2dda29a0f08187ae67970323c28947f11;2022-04-20T20:32:18+02:00;19.0.0;0573abd848e086d956b7a53ee771f754ccf2998a;2022-07-27T10:29:45+00:00;538.278;537.696;183;2;1;186;1;30;0;0;31;14
keycloak/keycloak;19.0.0;0573abd848e086d956b7a53ee771f754ccf2998a;2022-07-27T10:29:45+00:00;20.0.0;1ac875cf63e4eb0e04c9a9336fa33ac9647f9270;2022-11-01T12:43:21+00:00;537.696;521.372;140;1;0;141;1;41;0;0;42;15
keycloak/keycloak;20.0.0;1ac875cf63e4eb0e04c9a9336fa33ac9647f9270;2022-11-01T12:43:21+00:00;21.0.0;315f02483279cdaa2634742c039b4cf8111d18ef;2023-02-23T08:46:32+00:00;521.372;492.101;172;1;0;173;3;42;0;0;45;16
keycloak/keycloak;21.0.0;315f02483279cdaa2634742c039b4cf8111d18ef;2023-02-23T08:46:32+00:00;22.0.0;b825ba97b489d715f7ca1984c19bd95afb355a38;2023-07-11T13:57:56+00:00;492.101;600.722;696;48;9;753;22;978;0;14;1014;17
keycloak/keycloak;22.0.0;b825ba97b489d715f7ca1984c19bd95afb355a38;2023-07-11T13:57:56+00:00;23.0.0;1d4ce3d8e9dbc9af996f9248996c78e145902a35;2023-11-23T14:42:10+00:00;600.722;548.285;260;16;2;278;6;109;0;0;115;18
keycloak/keycloak;23.0.0;1d4ce3d8e9dbc9af996f9248996c78e145902a35;2023-11-23T14:42:10+00:00;24.0.0;a43d7b1cd6fe713e491aafdc8c618721d34f10e6;2024-03-04T09:20:24+00:00;548.285;572.299;268;11;0;279;6;113;0;1;120;19
keycloak/keycloak;24.0.0;a43d7b1cd6fe713e491aafdc8c618721d34f10e6;2024-03-04T09:20:24+00:00;25.0.0;5279b7f4530afc3c05699a2d8bbcdd18f557b6a9;2024-06-10T07:11:30+00:00;572.299;550.008;337;7;2;346;2;123;0;3;128;20
keycloak/keycloak;25.0.0;5279b7f4530afc3c05699a2d8bbcdd18f557b6a9;2024-06-10T07:11:30+00:00;26.0.0;632f214aa2d668e8b59920c3dfcc449da68254a4;2024-10-04T06:52:14+00:00;550.008;526.209;358;9;1;368;4;129;0;0;133;21
apache/dolphinscheduler;1.0.0;bfe0041362422c2508c89808e6198080d38e2e95;2019-03-30 11:12:48 +0800;2.0.0;7b13435ca5a9edfb12f73e5a7efa361951c7a9d7;2021-11-16 00:49:08 +0800;97.87;138.134;1070;1;3;1074;329;999;5;8;1341;1
apache/dolphinscheduler;2.0.0;7b13435ca5a9edfb12f73e5a7efa361951c7a9d7;2021-11-16 00:49:08 +0800;3.0.0;157e25313ab326ef3269614c8c29d2d74b27e1c0;2022-08-05 18:16:57 +0800;138.134;175.761;337;2;0;339;197;731;1;0;929;2
codecentric/spring-boot-admin;2.0.0;d472bccc9f6668506a97e34a85805a6636483a80;2018-05-18 23:29:14 +0200;3.0.0;0e45fdccce7d90df299a09112475f47463ce53fa;2023-01-20T10:01:30+01:00;32.327;144.806;169;14;0;183;7;233;0;0;240;1
google/guice;1.0;b3d955d01dbe24812b01f63fc16cf0c4a0afef98;2007-03-09T15:51:02+00:00;2.0;2a45130f8962e21a3df075c42d1c4c5c61ec5bba;2009-05-20T00:51:58+00:00;20.77;53.432;265;0;1;266;28;61;0;7;96;1
google/guice;2.0;2a45130f8962e21a3df075c42d1c4c5c61ec5bba;2009-05-20T00:51:58+00:00;3.0;77727a73c2addaffd388faacc99a76b61b7bd4c2;2011-03-25T01:48:39+00:00;53.432;264.478;171;0;0;171;11;65;0;17;93;2
google/guice;3.0;77727a73c2addaffd388faacc99a76b61b7bd4c2;2011-03-25T01:48:39+00:00;4.0;5a209e98e0dedf3dbb2cc657514e7daf1707296c;2015-04-28T16:18:44-04:00;264.478;82.181;182;0;0;182;7;81;0;13;101;3
google/guice;4.0;5a209e98e0dedf3dbb2cc657514e7daf1707296c;2015-04-28T16:18:44-04:00;5.0.0;533690c69805b25f2433ce358d99c13de7479561;2021-02-25T06:13:30-08:00;82.181;29.396;212;3;0;215;4;54;0;0;58;4
google/guice;5.0.0;533690c69805b25f2433ce358d99c13de7479561;2021-02-25T06:13:30-08:00;6.0.0;f095cad8aa7b59abafacc4d4461ddfc77be83667;2023-05-12T13:19:57-04:00;29.396;31.227;62;2;0;64;2;35;0;0;37;5
google/guice;6.0.0;f095cad8aa7b59abafacc4d4461ddfc77be83667;2023-05-12T13:19:57-04:00;7.0.0;b0e1d0fab0167cd555ab8d262333c1a32db7d492;2023-05-12T13:39:37-04:00;31.227;30.942;2;0;0;2;0;0;0;0;0;6
bazelbuild/bazel;1.0.0;9c257df5b9b1de5459fc066e77c435ae085957a7;2019-10-10T11:55:47+02:00;2.0.0;50514fc6c125750d7063d7feea2c302a44d2db6e;2019-12-19T13:26:22+01:00;1435.359;1440.863;420;8;2;430;11;84;0;1;96;1
bazelbuild/bazel;2.0.0;50514fc6c125750d7063d7feea2c302a44d2db6e;2019-12-19T13:26:22+01:00;3.0.0;eea58d1afb57c32937d323c072f122e4ceeac686;2020-04-06T08:49:40-04:00;1440.863;846.589;488;4;2;494;6;105;0;1;112;2
bazelbuild/bazel;3.0.0;eea58d1afb57c32937d323c072f122e4ceeac686;2020-04-06T08:49:40-04:00;4.0.0;6b33bdb1e22514304c0e35ce8e067f2175685245;2021-01-21T08:24:58+01:00;846.589;746.283;1430;9;0;1439;30;271;0;13;314;3
bazelbuild/bazel;4.0.0;6b33bdb1e22514304c0e35ce8e067f2175685245;2021-01-21T08:24:58+01:00;5.0.0;41feb616ae18e21fdba3868e4c298b0b83012f10;2022-01-19T15:04:50+01:00;746.283;783.548;1373;11;3;1387;28;289;0;4;321;4
bazelbuild/bazel;5.0.0;41feb616ae18e21fdba3868e4c298b0b83012f10;2022-01-19T15:04:50+01:00;6.0.0;06deebfb5b73f848de5a0ea0e00fcfaa26788d1f;2022-12-19T15:47:43+00:00;783.548;765.746;1404;18;0;1422;39;331;0;4;374;5
bazelbuild/bazel;6.0.0;06deebfb5b73f848de5a0ea0e00fcfaa26788d1f;2022-12-19T15:47:43+00:00;7.0.0;d798ebde6c6394203a87b5f1a6b62ecfc3880991;2023-12-11T16:46:24+00:00;765.746;789.274;1717;10;3;1730;32;396;0;5;433;6
bazelbuild/bazel;7.0.0;d798ebde6c6394203a87b5f1a6b62ecfc3880991;2023-12-11T16:46:24+00:00;8.0.0;c8217fdd2f20e4a061122c0af0417380d09e9480;2024-12-09T17:54:47+00:00;789.274;736.469;1896;5;4;1905;25;320;0;8;353;7
googlesamples/easypermissions;1.0.0;32ab68f043ebef0151183e952f58958e5bde181e;2017-08-22T09:10:32-07:00;2.0.0;09232dfc9d8a515d310c70a1739e9d1650be1002;2018-08-06T09:47:26-07:00;1.792;2.212;15;0;0;15;0;5;0;1;6;1
googlesamples/easypermissions;2.0.0;09232dfc9d8a515d310c70a1739e9d1650be1002;2018-08-06T09:47:26-07:00;3.0.0;67d611bfad0f1e3d0f579504dd2a4b61b7c6deeb;2019-01-23T13:55:28-08:00;2.212;2.08;6;0;0;6;0;2;0;0;2;2
beemdevelopment/Aegis;v1.0;b6a31ed78982758c1224a0ce63c2873ae7e594a8;2019-09-08T14:22:33+02:00;v2.0;00c79450ae139ee0aaa328de37802e48508c8e30;2021-05-26 10:51:26 +0200;13.265;29.585;17;0;0;17;4;97;0;6;107;1
beemdevelopment/Aegis;v2.0;00c79450ae139ee0aaa328de37802e48508c8e30;2021-05-26 10:51:26 +0200;v3.0;5a83e9be8e4090c40542c37d817b90e6b0fd18de;2024-03-24 16:48:14 +0100;29.585;49.142;38;0;0;38;3;47;1;1;52;2
react-native-image-picker/react-native-image-picker;v2.0.0;4e699d3a59ce849d42e43576b91cab73c483cd1e;2020-01-10T10:49:09+02:00;3.0.0;7c85b2ce7bd082d94820918a921ee0ceccf29232;2020-12-08T09:18:30+02:00;4.256;2.686;3;0;0;3;0;15;0;0;15;1
react-native-image-picker/react-native-image-picker;3.0.0;7c85b2ce7bd082d94820918a921ee0ceccf29232;2020-12-08T09:18:30+02:00;v4.0.0;871a44f19355aba75187cad37bae1b8088a5546d;2021-05-27T12:33:21+00:00;2.686;3.058;0;0;0;0;0;12;0;0;12;2
react-native-image-picker/react-native-image-picker;v4.0.0;871a44f19355aba75187cad37bae1b8088a5546d;2021-05-27T12:33:21+00:00;v5.0.0;44a2e4be3e82635b277ae8fcf61526eaa1901120;2023-01-09T12:32:59+00:00;3.058;3.643;2;0;0;2;0;26;0;0;26;3
react-native-image-picker/react-native-image-picker;v5.0.0;44a2e4be3e82635b277ae8fcf61526eaa1901120;2023-01-09T12:32:59+00:00;v6.0.0;8edf56ae72991639dfc0d67e5ac96f57c65df44d;2023-09-07T07:59:42+00:00;3.643;3.976;0;0;0;0;0;11;0;0;11;4
react-native-image-picker/react-native-image-picker;v6.0.0;8edf56ae72991639dfc0d67e5ac96f57c65df44d;2023-09-07T07:59:42+00:00;v7.0.0;fca996068c09f98f39e680e7f0efbd5b4431713b;2023-09-07T08:10:53+00:00;3.976;3.976;0;0;0;0;0;0;0;0;0;5
react-native-image-picker/react-native-image-picker;v7.0.0;fca996068c09f98f39e680e7f0efbd5b4431713b;2023-09-07T08:10:53+00:00;v8.0.0;ae1452e273ce0ff3adf1acbd21184de571d12c4f;2025-02-01T08:23:42+00:00;3.976;15.843;2;0;0;2;0;12;0;0;12;6
OpenFeign/feign;1.0.0;e3496601b792abac467dadc48255ee52e7eb0380;2013-06-27 01:30:46 +0000;2.0.0;28ad52aef61e2f2a11453444ec46b8f938bec9e0;2013-07-01T09:40:58-07:00;2.232;2.762;8;0;0;8;0;1;0;0;1;1
OpenFeign/feign;2.0.0;28ad52aef61e2f2a11453444ec46b8f938bec9e0;2013-07-01T09:40:58-07:00;3.0.0;1f1e27d89deda136808363d701d7d81388549e92;2013-07-15T22:10:08-07:00;2.762;3.506;10;0;0;10;0;2;0;0;2;2
OpenFeign/feign;3.0.0;1f1e27d89deda136808363d701d7d81388549e92;2013-07-15T22:10:08-07:00;4.0.0;0517edfcad2a262c52e092fa5e91f70f9e47f232;2013-08-04 15:12:36 +0000;3.506;3.597;2;0;0;2;0;0;0;0;0;3
OpenFeign/feign;4.0.0;0517edfcad2a262c52e092fa5e91f70f9e47f232;2013-08-04 15:12:36 +0000;5.0.0;2e8435ed601ead8070905c4a8db5c3a8d642477f;2013-09-17 20:55:09 +0000;3.597;3.989;23;0;0;23;0;5;0;0;5;4
OpenFeign/feign;5.0.0;2e8435ed601ead8070905c4a8db5c3a8d642477f;2013-09-17 20:55:09 +0000;v6.0.0;190790364e26668717dae5685c3c0bd1c055e822;2013-10-21T21:13:22-07:00;3.989;4.279;10;0;0;10;0;1;0;0;1;5
OpenFeign/feign;v6.0.0;190790364e26668717dae5685c3c0bd1c055e822;2013-10-21T21:13:22-07:00;v7.0.0;08ab926b5155abc0a53b0e3f5ddbe542ae15cae9;2015-01-06 09:47:15 -0800;4.279;4.496;7;0;0;7;2;5;0;1;8;6
OpenFeign/feign;v7.0.0;08ab926b5155abc0a53b0e3f5ddbe542ae15cae9;2015-01-06 09:47:15 -0800;v8.0.0;cf66dba6a4fd89cb2936d082572ddea177cad2e1;2015-03-08 16:47:50 -0700;4.496;4.924;20;0;0;20;0;2;0;2;4;7
OpenFeign/feign;v8.0.0;cf66dba6a4fd89cb2936d082572ddea177cad2e1;2015-03-08 16:47:50 -0700;9.0.0;09d39d7d59f7ad2e4b4088f80ef303429f492cad;2016-07-14 04:29:19 +0000;4.924;7.532;60;0;0;60;4;26;0;1;31;8
OpenFeign/feign;9.0.0;09d39d7d59f7ad2e4b4088f80ef303429f492cad;2016-07-14 04:29:19 +0000;10.0.0;fc834fbdcfaab32ba097ca456885739bff6afea5;2018-08-16 00:29:44 +0000;7.532;9.398;53;1;0;54;0;23;0;0;23;9
OpenFeign/feign;10.0.0;fc834fbdcfaab32ba097ca456885739bff6afea5;2018-08-16 00:29:44 +0000;12.0;8c22fccd8cdcbc875f4eede019f9d76332527d99;2022-11-01T14:19:22+13:00;9.398;20.264;166;2;0;168;3;99;0;1;103;10
OpenFeign/feign;12.0;8c22fccd8cdcbc875f4eede019f9d76332527d99;2022-11-01T14:19:22+13:00;13.0;cd1d6a44536ef6c9d604212a1df06f4871aed03b;2023-10-20 23:00:22 +1300;20.264;21.921;35;1;0;36;1;10;0;0;11;11
alibaba/transmittable-thread-local;1.0.0;dfef475a26de010f0302a371ba00927593ef9a10;2013-12-28 01:21:53 +0800;v2.0.0;16c255d677a58a75602b4e63a15d1d83c656f49e;2016-02-15 20:44:24 +0800;0.971;1.33;29;0;2;31;3;12;0;0;15;1
OpenRefine/OpenRefine;1.0;a7530db0604abd2f5a1ebd90b4bc5a7dfdca995f;2010-05-12 18:20:57 +0000;2.0;3fd70226f45556fee493b30a44fec71890adfca6;2010-11-10 23:18:41 +0000;173.273;191.698;101;4;1;106;23;97;0;8;128;1
OpenRefine/OpenRefine;2.0;3fd70226f45556fee493b30a44fec71890adfca6;2010-11-10 23:18:41 +0000;3.0;64907b8915593274085ac344b7719d69e1a064e8;2018-09-16 11:59:49 -0400;191.698;159.993;359;13;3;375;25;425;0;48;498;2
Col-E/Recaf;1.0;f0528b673c955a518f91434833bde4e5de535e61;2018-05-24T22:10:15-04:00;2.0.0;ba78af4018056b67a30ce94ee3b3771da853012b;2020-06-09T23:33:16-04:00;9.405;27.099;190;8;0;198;9;341;0;6;356;1
software-mansion/react-native-svg;2.0.0;be4d7bc477835c58e4bf2010e7785e9577cb89ca;2016-05-21T20:28:09+08:00;6.0.0;a958668e7f2753e7587eaf8a39ea46133809dc1a;2017-11-08T01:41:27-06:00;6.921;11.738;3;0;0;3;9;167;0;13;189;1
software-mansion/react-native-svg;6.0.0;a958668e7f2753e7587eaf8a39ea46133809dc1a;2017-11-08T01:41:27-06:00;7.0.0;18bab897be061caf55c4dfa5c6fb47f358978975;2018-09-15T19:15:48+03:00;11.738;14.826;3;1;0;4;4;68;0;7;79;2
software-mansion/react-native-svg;7.0.0;18bab897be061caf55c4dfa5c6fb47f358978975;2018-09-15T19:15:48+03:00;8.0.0;75204047c9424c591ed42d9763d6547709cf2b8b;2018-10-19T18:26:56+03:00;14.826;15.126;1;2;0;3;0;25;0;1;26;3
software-mansion/react-native-svg;8.0.0;75204047c9424c591ed42d9763d6547709cf2b8b;2018-10-19T18:26:56+03:00;9.0.0;43e6f714d55f47aedf083131fa4705a0a9782724;2019-01-14T17:10:18+02:00;15.126;17.877;4;2;0;6;0;30;0;0;30;4
software-mansion/react-native-svg;9.0.0;43e6f714d55f47aedf083131fa4705a0a9782724;2019-01-14T17:10:18+02:00;v10.0.0;0d302250ce834ddd335030fcb1e2cced9016b20b;2020-01-04T07:38:15+02:00;17.877;43.953;8;2;0;10;9;151;0;13;173;5
software-mansion/react-native-svg;v10.0.0;0d302250ce834ddd335030fcb1e2cced9016b20b;2020-01-04T07:38:15+02:00;v11.0.0;c12cd1e01a70e6e5ff29a0d5dc843abd865703c1;2020-01-18T02:41:41+02:00;43.953;46.327;0;0;0;0;0;14;0;0;14;6
software-mansion/react-native-svg;v11.0.0;c12cd1e01a70e6e5ff29a0d5dc843abd865703c1;2020-01-18T02:41:41+02:00;v12.0.0;f6931da688ebb7e8fcb2f4615e2883dca7ab83a8;2020-03-04T20:00:02+02:00;46.327;46.657;5;0;0;5;1;10;0;3;14;7
software-mansion/react-native-svg;v12.0.0;f6931da688ebb7e8fcb2f4615e2883dca7ab83a8;2020-03-04T20:00:02+02:00;v13.0.0;7c3bd891a8bb9e627c6ca6709b7dbaa45145efa1;2022-08-17 16:42:36 +0200;46.657;40.573;4;0;0;4;0;47;0;6;53;8
software-mansion/react-native-svg;v13.0.0;7c3bd891a8bb9e627c6ca6709b7dbaa45145efa1;2022-08-17 16:42:36 +0200;v14.0.0;3a86d9308cc6f75866e4453294d2651d2598f823;2023-11-14 12:41:37 +0100;40.573;44.34;7;0;0;7;0;42;0;0;42;9
software-mansion/react-native-svg;v14.0.0;3a86d9308cc6f75866e4453294d2651d2598f823;2023-11-14 12:41:37 +0100;v15.0.0;b99685625669dbe69c538840f6db7b5315c4e913;2024-02-26 15:33:11 +0100;44.34;44.224;2;0;0;2;0;12;0;0;12;10
dropwizard/dropwizard;v1.0.0;c25bc5880eb70574998456acca3ee340f8de0674;2016-07-26 15:12:55 +0200;v2.0.0;f43ab47c24c765203794a0f05224452f8f07b775;2019-12-09 22:54:28 +0100;21.336;27.342;346;8;0;354;1;111;0;12;124;1
dropwizard/dropwizard;v2.0.0;f43ab47c24c765203794a0f05224452f8f07b775;2019-12-09 22:54:28 +0100;v3.0.0;97ed967767d7bff8f3d75752d814f5c82e0b2d23;2023-03-28 22:23:50 +0000;27.342;30.391;275;8;2;285;1;50;0;6;57;2
dropwizard/dropwizard;v3.0.0;97ed967767d7bff8f3d75752d814f5c82e0b2d23;2023-03-28 22:23:50 +0000;v4.0.0;c8b32c76ae570b941c14140104d09ae37bd0f8ee;2023-03-28 22:24:40 +0000;30.391;30.271;25;0;0;25;0;6;0;2;8;3
dropwizard/dropwizard;v4.0.0;c8b32c76ae570b941c14140104d09ae37bd0f8ee;2023-03-28 22:24:40 +0000;v5.0.0;c8d5777cd8951a0deaf8f1b1f10e0c364c90ed1b;2025-09-16 08:29:02 +0000;30.271;30.45;52;0;0;52;0;365;0;2;367;4
graphql-java/graphql-java;v1.0;39194206d0c11ff7fbb04ba73d16f1c1b07a30e9;2015-07-18T17:41:39+02:00;v2.0.0;5dfffe800c95c9df67c2caa2eabbb5e8b9a7ad35;2016-02-20T10:34:01+01:00;7.421;10.009;81;0;0;81;10;24;0;1;35;1
graphql-java/graphql-java;v2.0.0;5dfffe800c95c9df67c2caa2eabbb5e8b9a7ad35;2016-02-20T10:34:01+01:00;v3.0.0;71da4aa8a13d209944cb9d4d3bc76401f12a0686;2017-05-19T21:20:31+02:00;10.009;12.827;152;0;0;152;4;52;0;9;65;2
graphql-java/graphql-java;v3.0.0;71da4aa8a13d209944cb9d4d3bc76401f12a0686;2017-05-19T21:20:31+02:00;v4.0;eafa3a31e6081b36e075273c77cb1c4c4f3f3fca;2017-08-29T08:53:17+02:00;12.827;16.803;162;1;1;164;4;29;0;0;33;3
graphql-java/graphql-java;v4.0;eafa3a31e6081b36e075273c77cb1c4c4f3f3fca;2017-08-29T08:53:17+02:00;v5.0;8987ac67dc917aa278d6cdb361f4a0100ab43247;2017-10-08T15:26:52+11:00;16.803;18.806;33;0;0;33;2;7;0;0;9;4
graphql-java/graphql-java;v5.0;8987ac67dc917aa278d6cdb361f4a0100ab43247;2017-10-08T15:26:52+11:00;v6.0;c925eba7b7ac36734f54ec57502e57a588cff394;2017-11-03T18:53:59+11:00;18.806;19.639;21;0;0;21;0;6;0;0;6;5
graphql-java/graphql-java;v6.0;c925eba7b7ac36734f54ec57502e57a588cff394;2017-11-03T18:53:59+11:00;v7.0;8df5391034bdb6851c2b07a8c72939fe625c67c5;2018-01-09T17:37:13+11:00;19.639;20.502;31;0;0;31;0;11;0;0;11;6
graphql-java/graphql-java;v7.0;8df5391034bdb6851c2b07a8c72939fe625c67c5;2018-01-09T17:37:13+11:00;v8.0;9385eecef3ad45b739df9123b7b3ce28b2843e77;2018-03-23T14:25:43+11:00;20.502;23.595;83;7;0;90;7;18;0;0;25;7
graphql-java/graphql-java;v8.0;9385eecef3ad45b739df9123b7b3ce28b2843e77;2018-03-23T14:25:43+11:00;v9.0;ac30ed132b0aae3efda52c86b58e542c17dd1fd6;2018-06-05T15:41:18+10:00;23.595;25.909;42;0;0;42;2;11;0;0;13;8
graphql-java/graphql-java;v9.0;ac30ed132b0aae3efda52c86b58e542c17dd1fd6;2018-06-05T15:41:18+10:00;v10.0;4485074df0be836253c7e1c52a8011cd4ffc26db;2018-09-03T11:07:26+10:00;25.909;29.249;68;0;3;71;1;18;0;1;20;9
graphql-java/graphql-java;v10.0;4485074df0be836253c7e1c52a8011cd4ffc26db;2018-09-03T11:07:26+10:00;v11.0;610a5276ee9588a147de1a7b0dc525bcbd189221;2018-10-18T20:49:59+11:00;29.249;29.801;27;0;0;27;1;10;0;0;11;10
graphql-java/graphql-java;v11.0;610a5276ee9588a147de1a7b0dc525bcbd189221;2018-10-18T20:49:59+11:00;12.0;52a7b6ecdc3a73675cd913d188c0e64134be3830;2019-03-12T09:42:23+11:00;29.801;36.515;129;2;0;131;1;26;0;2;29;11
graphql-java/graphql-java;12.0;52a7b6ecdc3a73675cd913d188c0e64134be3830;2019-03-12T09:42:23+11:00;v13.0;e994f419f32f6817f65a0868c7ef0b6b0326d650;2019-06-12T14:47:24+10:00;36.515;38.227;47;0;0;47;4;17;0;0;21;12
graphql-java/graphql-java;v13.0;e994f419f32f6817f65a0868c7ef0b6b0326d650;2019-06-12T14:47:24+10:00;v14.0;578985f4ed81d154f1f83bbef6903aa88f3f1a59;2020-01-17T13:37:39+11:00;38.227;41.546;126;0;0;126;6;27;0;0;33;13
graphql-java/graphql-java;v14.0;578985f4ed81d154f1f83bbef6903aa88f3f1a59;2020-01-17T13:37:39+11:00;v15.0;f328040f8f41a9707d9f973cb55a48621d45dd3f;2020-05-28T15:52:45+10:00;41.546;42.449;94;0;0;94;3;24;0;0;27;14
graphql-java/graphql-java;v15.0;f328040f8f41a9707d9f973cb55a48621d45dd3f;2020-05-28T15:52:45+10:00;v16.0;3dfeae352fce4e3fd636a7227271e1b3f9536066;2020-11-16T10:59:10+11:00;42.449;44.787;48;0;0;48;2;15;0;3;20;15
graphql-java/graphql-java;v16.0;3dfeae352fce4e3fd636a7227271e1b3f9536066;2020-11-16T10:59:10+11:00;v17.0;fd861816bcb118cf8d4b3ef92f388dd142f5b713;2021-08-03T17:40:51+10:00;44.787;47.363;179;0;2;181;7;54;0;4;65;16
graphql-java/graphql-java;v17.0;fd861816bcb118cf8d4b3ef92f388dd142f5b713;2021-08-03T17:40:51+10:00;v18.0;470811bb8bc6864035d7a3795a1a23d6a4952587;2022-03-13T12:55:42+11:00;47.363;50.205;82;0;0;82;5;20;0;0;25;17
graphql-java/graphql-java;v18.0;470811bb8bc6864035d7a3795a1a23d6a4952587;2022-03-13T12:55:42+11:00;v19.0;35ff68db1e1d567428539d74f2169ca7799ee2a3;2022-07-26T21:20:24+10:00;50.205;51.345;57;0;0;57;4;17;0;0;21;18
graphql-java/graphql-java;v19.0;35ff68db1e1d567428539d74f2169ca7799ee2a3;2022-07-26T21:20:24+10:00;v20.0;557ad5dc35338f94fdb973521295be2b6b057625;2022-12-06T15:32:14+11:00;51.345;57.443;212;4;0;216;3;41;0;1;45;19
graphql-java/graphql-java;v20.0;557ad5dc35338f94fdb973521295be2b6b057625;2022-12-06T15:32:14+11:00;v21.0;c1395c8c45403b95561a94660c7d3f35f379994e;2023-07-09T22:43:15+00:00;57.443;59.529;86;0;0;86;0;38;0;2;40;20
graphql-java/graphql-java;v21.0;c1395c8c45403b95561a94660c7d3f35f379994e;2023-07-09T22:43:15+00:00;v22.0;0eec91ea4b40a25a407efaf32d4fa9cfac9e4c93;2024-04-16T00:41:15+00:00;59.529;63.433;282;2;0;284;11;73;0;1;85;21
graphql-java/graphql-java;v22.0;0eec91ea4b40a25a407efaf32d4fa9cfac9e4c93;2024-04-16T00:41:15+00:00;v23.0;27b9defd98c4d044b6142c18773188f0dc9113c2;2025-04-07T11:32:45+10:00;63.433;145.331;211;7;0;218;5;41;0;1;47;22
graphql-java/graphql-java;v23.0;27b9defd98c4d044b6142c18773188f0dc9113c2;2025-04-07T11:32:45+10:00;v24.0;cab5b9fb685c333e14cca9df99ee262ad037da76;2025-05-15T17:13:24+10:00;145.331;145.575;9;0;0;9;0;1;0;0;1;23
micronaut-projects/micronaut-core;v1.0.0;8a4b47304edcc01157513c3aa55fe303db2e8088;2018-10-23T07:50:45-07:00;v2.0.0;685331e3e2558b28a6b255b791f7879d7f0dd539;2020-06-26T09:37:31+02:00;108.079;115.437;1555;6;1;1562;43;1094;0;87;1224;1
micronaut-projects/micronaut-core;v2.0.0;685331e3e2558b28a6b255b791f7879d7f0dd539;2020-06-26T09:37:31+02:00;v3.0.0;0cb2f7e43ca0a828fd1a05f186586c95d929cb32;2021-08-18 16:37:44 +0000;115.437;129.126;472;2;0;474;6;266;0;1;273;2
micronaut-projects/micronaut-core;v3.0.0;0cb2f7e43ca0a828fd1a05f186586c95d929cb32;2021-08-18 16:37:44 +0000;v4.0.0;da40b7fe54464e94cbb1e1c2a0b569554a2c7624;2023-07-11 19:52:18 +0000;129.126;160.706;744;1;1;746;16;423;0;2;441;3
LFDT-web3j/web3j;v1.0.0;efec99627491d2ec3cf18c37ea3a0355afed9667;2016-11-04T14:00:44+11:00;2.0.0;56541afe1d01bca8a19a407999a9756ef1b0ffce;2017-02-10T17:42:16+11:00;20.836;24.638;47;0;0;47;4;22;0;0;26;1
LFDT-web3j/web3j;2.0.0;56541afe1d01bca8a19a407999a9756ef1b0ffce;2017-02-10T17:42:16+11:00;v3.0.0;6fb857b1fb593e509dcb47851135442c3f8bf956;2017-10-30T12:02:31+00:00;24.638;17.528;77;0;0;77;0;38;0;0;38;2
graphhopper/graphhopper;1.0;d8525922d2d01243c209f8b21b417646f4e8bf4d;2020-05-22T08:13:30+02:00;2.0;7e3a98bd316745a7cc48ba78958624b9544e4d61;2020-09-29T18:50:03+02:00;106.022;106.934;67;0;0;67;3;17;0;0;20;1
graphhopper/graphhopper;2.0;7e3a98bd316745a7cc48ba78958624b9544e4d61;2020-09-29T18:50:03+02:00;3.0;567a85a5d0f118663ce7125681d2bc2c0823ce57;2021-05-17T15:14:04+02:00;106.934;111.98;250;0;0;250;5;104;0;4;113;2
graphhopper/graphhopper;3.0;567a85a5d0f118663ce7125681d2bc2c0823ce57;2021-05-17T15:14:04+02:00;4.0;142b9adf4141014404f71e71c593250153d54c89;2021-09-29T11:52:17+02:00;111.98;109.406;53;0;0;53;1;9;0;0;10;3
graphhopper/graphhopper;4.0;142b9adf4141014404f71e71c593250153d54c89;2021-09-29T11:52:17+02:00;5.0;d12e315f431d749b7de52d885e28fe48e592169d;2022-03-23T10:26:49+01:00;109.406;109.526;102;0;0;102;2;30;0;0;32;4
graphhopper/graphhopper;5.0;d12e315f431d749b7de52d885e28fe48e592169d;2022-03-23T10:26:49+01:00;6.0;02cb7e28ca929fdfe7d905fdd14488d3996a75ad;2022-09-13T10:30:05+02:00;109.526;113.555;132;0;0;132;4;28;0;0;32;5
graphhopper/graphhopper;6.0;02cb7e28ca929fdfe7d905fdd14488d3996a75ad;2022-09-13T10:30:05+02:00;7.0;b0a129cc0c7266c0299854f0f73335d83ef4ec52;2023-03-09T21:43:27+01:00;113.555;112.49;91;1;0;92;5;34;0;0;39;6
graphhopper/graphhopper;7.0;b0a129cc0c7266c0299854f0f73335d83ef4ec52;2023-03-09T21:43:27+01:00;8.0;1e224ae6bb1807ebc5037fb8de07c4f7cfaee749;2023-10-17T11:52:48+02:00;112.49;124.354;74;1;0;75;4;15;0;0;19;7
graphhopper/graphhopper;8.0;1e224ae6bb1807ebc5037fb8de07c4f7cfaee749;2023-10-17T11:52:48+02:00;9.0;1c2f22e7bc306bead9dbef84e8386f20c0e14456;2024-04-20T19:43:33+02:00;124.354;126.052;52;0;0;52;5;24;0;0;29;8
graphhopper/graphhopper;9.0;1c2f22e7bc306bead9dbef84e8386f20c0e14456;2024-04-20T19:43:33+02:00;10.0;a4b34a5177b86ad215d1dcc06c44a1fc1323157e;2024-11-04T11:06:15+01:00;126.052;130.708;46;0;0;46;3;20;0;0;23;9
graphhopper/graphhopper;10.0;a4b34a5177b86ad215d1dcc06c44a1fc1323157e;2024-11-04T11:06:15+01:00;11.0;69e50f6e2cfaf0a8e69752df9953ee5f1ac276a4;2025-10-14T15:55:56+02:00;130.708;132.906;45;0;0;45;4;35;0;0;39;10
remkop/picocli;v1.0.0;fd2838364ae9c64a5ca29d7404b810ff2b5ba3c3;2017-08-27T00:18:20+09:00;v2.0.0;81d44fa21dda7c19a1b961345788cb47afcb80e9;2017-10-21T19:52:06+09:00;3.424;4.003;34;0;0;34;4;12;0;2;18;1
remkop/picocli;v2.0.0;81d44fa21dda7c19a1b961345788cb47afcb80e9;2017-10-21T19:52:06+09:00;v3.0.0;e4339ef99dcf27d5b73f739543d336aa71bf2dfc;2018-05-01T02:39:08+02:00;4.003;7.052;191;3;2;196;23;52;0;0;75;2
remkop/picocli;v3.0.0;e4339ef99dcf27d5b73f739543d336aa71bf2dfc;2018-05-01T02:39:08+02:00;v4.0.0;9ffd9c401360ff6b5704b5595f767c164c4b2802;2019-07-17T13:00:39+09:00;7.052;18.245;546;0;5;551;61;132;0;0;193;3
diffplug/spotless;v1.0;659d21a3cf0821d82101732da346a8a90d6cfe31;2015-04-29T22:17:06-07:00;v2.0.0;d55af08196feaef9b12dc8edc678e47e63a6a921;2016-08-16T12:02:25-07:00;1.625;2.349;15;0;0;15;5;14;0;1;20;1
stleary/JSON-java;20150729;b0191a6acf6024b6b3efbd48dba8826ca79b950d;2015-07-29T19:50:14-05:00;20151123;44275e3b3c468be92a0aef5e0488fd19d29081df;2015-11-24T01:53:19-06:00;3.006;2.993;0;0;0;0;0;3;0;0;3;1
stleary/JSON-java;20151123;44275e3b3c468be92a0aef5e0488fd19d29081df;2015-11-24T01:53:19-06:00;20160212;07a0f60b6e0e26033c2461637aa30437053a88f8;2016-02-12T18:10:13-06:00;2.993;2.97;0;0;0;0;0;2;0;0;2;2
stleary/JSON-java;20160212;07a0f60b6e0e26033c2461637aa30437053a88f8;2016-02-12T18:10:13-06:00;20160807;8e079599c4144bc86859a64301dbeebba4271c01;2016-08-07T15:19:44-05:00;2.97;3.283;0;0;0;0;0;1;0;0;1;3
stleary/JSON-java;20160807;8e079599c4144bc86859a64301dbeebba4271c01;2016-08-07T15:19:44-05:00;20160810;37582a44ada8e5bbe6d987f41d3f834aaf28934c;2016-08-10T09:13:22-05:00;3.283;3.182;0;0;0;0;0;0;0;0;0;4
stleary/JSON-java;20160810;37582a44ada8e5bbe6d987f41d3f834aaf28934c;2016-08-10T09:13:22-05:00;20170516;cbd8b18c4a52e9f17e5f463d62b2d6bf22c253dd;2017-05-16T00:29:00-05:00;3.182;3.298;1;0;0;1;1;7;0;0;8;5
stleary/JSON-java;20170516;cbd8b18c4a52e9f17e5f463d62b2d6bf22c253dd;2017-05-16T00:29:00-05:00;20171018;cdf3cf7f814ad6a75ac51b1ec74f0d59ce8f6e6a;2017-10-17T20:05:29-05:00;3.298;3.673;0;0;0;0;1;11;0;0;12;6
stleary/JSON-java;20171018;cdf3cf7f814ad6a75ac51b1ec74f0d59ce8f6e6a;2017-10-17T20:05:29-05:00;20180130;61cdfefc364fd7d55b51eb00e8095d72e7138cdf;2018-01-30T19:46:24-06:00;3.673;3.812;0;0;0;0;0;4;0;1;5;7
stleary/JSON-java;20180130;61cdfefc364fd7d55b51eb00e8095d72e7138cdf;2018-01-30T19:46:24-06:00;20180813;37f5bf28e96d9dee03a4b97728cc2976f9c248c7;2018-08-13T20:46:20-05:00;3.812;3.95;0;0;0;0;0;3;0;0;3;8
stleary/JSON-java;20180813;37f5bf28e96d9dee03a4b97728cc2976f9c248c7;2018-08-13T20:46:20-05:00;20190722;5b845f28cfdc26919b1416ec2067da4a0753aeb6;2019-05-08T20:27:25-05:00;3.95;3.837;0;0;0;0;0;2;0;1;3;9
stleary/JSON-java;20190722;5b845f28cfdc26919b1416ec2067da4a0753aeb6;2019-05-08T20:27:25-05:00;20200518;8e5b516f2bab9b81098ef57a7e84076c28441428;2020-05-17T22:41:27-05:00;3.837;3.933;0;0;0;0;0;1;0;1;2;10
stleary/JSON-java;20200518;8e5b516f2bab9b81098ef57a7e84076c28441428;2020-05-17T22:41:27-05:00;20201115;fdde43cd3bfede55095bdb3dfcac4ce36d99e456;2020-11-15T12:48:51-06:00;3.933;4.75;191;7;3;201;2;37;0;0;39;11
stleary/JSON-java;20201115;fdde43cd3bfede55095bdb3dfcac4ce36d99e456;2020-11-15T12:48:51-06:00;20210307;7299b201f4f49e5894800a4e98caf983deada869;2021-03-07T21:11:48-06:00;4.75;4.767;3;0;0;3;0;3;0;1;4;12
stleary/JSON-java;20210307;7299b201f4f49e5894800a4e98caf983deada869;2021-03-07T21:11:48-06:00;20211205;8ef8e1463d92f8d164b4cd629b67dd55a5198597;2021-12-05T09:12:55-06:00;4.767;5.096;30;0;2;32;2;13;0;3;18;13
stleary/JSON-java;20211205;8ef8e1463d92f8d164b4cd629b67dd55a5198597;2021-12-05T09:12:55-06:00;20220320;c0a1d5f741154948e9201e99876bb4bb131110b5;2022-03-20T09:28:19-05:00;5.096;5.141;1;0;0;1;0;0;0;0;0;14
stleary/JSON-java;20220320;c0a1d5f741154948e9201e99876bb4bb131110b5;2022-03-20T09:28:19-05:00;20220924;8439039da75eb539efb21a04442cfa8330740bda;2022-09-24T16:25:18-05:00;5.141;5.139;7;0;0;7;0;3;0;1;4;15
stleary/JSON-java;20220924;8439039da75eb539efb21a04442cfa8330740bda;2022-09-24T16:25:18-05:00;20230227;47fb49b6a871cd1652870e33e89cbff082bb0ee1;2023-02-27T07:21:11-06:00;5.139;5.272;18;0;1;19;0;8;0;2;10;16
stleary/JSON-java;20230227;47fb49b6a871cd1652870e33e89cbff082bb0ee1;2023-02-27T07:21:11-06:00;20230618;a963115ac2527dee688f54f7c1150d6f25b887c1;2023-06-18T12:58:32-05:00;5.272;5.289;3;0;0;3;0;1;0;1;2;17
stleary/JSON-java;20230618;a963115ac2527dee688f54f7c1150d6f25b887c1;2023-06-18T12:58:32-05:00;20231013;f346203cd663bb680cad0d5894e7c147e36f31cd;2023-10-13T16:10:17-05:00;5.289;5.423;24;2;0;26;2;6;0;0;8;18
stleary/JSON-java;20231013;f346203cd663bb680cad0d5894e7c147e36f31cd;2023-10-13T16:10:17-05:00;20240205;010e83b925642a654bd02a90fdddc26222e425f0;2024-02-05T20:44:18-06:00;5.423;5.65;31;0;0;31;4;16;0;3;23;19
stleary/JSON-java;20240205;010e83b925642a654bd02a90fdddc26222e425f0;2024-02-05T20:44:18-06:00;20240303;f9b5587c87aaf02e4a5ed1991d48d6c05993624a;2024-03-03T08:55:13-06:00;5.65;5.772;5;0;0;5;0;2;0;0;2;20
stleary/JSON-java;20240303;f9b5587c87aaf02e4a5ed1991d48d6c05993624a;2024-03-03T08:55:13-06:00;20241224;0e60592bdb024978be2b4ab39d22045192ea80af;2024-12-24T08:27:15-06:00;5.772;5.942;57;0;0;57;1;36;0;0;37;21
stleary/JSON-java;20241224;0e60592bdb024978be2b4ab39d22045192ea80af;2024-12-24T08:27:15-06:00;20250107;324090a87609d0abfa100f8e1cd5c4dfa97c2ba3;2025-01-07T15:24:21-06:00;5.942;5.966;0;0;0;0;0;0;0;0;0;22
stleary/JSON-java;20250107;324090a87609d0abfa100f8e1cd5c4dfa97c2ba3;2025-01-07T15:24:21-06:00;20250517;24fafcffebf2f217fe7aa2d60438019893a0a509;2025-05-17T07:44:38-05:00;5.966;6.129;17;1;1;19;0;6;0;0;6;23
LawnchairLauncher/lawnchair;1;bd9950480f069f32c5b709077ff2b3027ea6eec8;2017-06-14T11:56:32+02:00;2;7359e327bcf013d5a187f9f7eaea3319550313c3;2017-06-15T20:50:12+02:00;58.148;58.165;0;0;0;0;0;1;0;0;1;1
LawnchairLauncher/lawnchair;2;7359e327bcf013d5a187f9f7eaea3319550313c3;2017-06-15T20:50:12+02:00;3;6dd1f01d14ce26221a778a5dc5ff0e77c7ea7dd2;2017-06-19T15:09:19+02:00;58.165;58.386;0;0;0;0;0;6;0;0;6;2
LawnchairLauncher/lawnchair;3;6dd1f01d14ce26221a778a5dc5ff0e77c7ea7dd2;2017-06-19T15:09:19+02:00;v12.0.0;f082b80316aede6ee61de127cd2576ba3b495e4b;2021-10-11T20:48:45-07:00;58.386;147.787;1585;42;0;1627;739;2112;0;4;2855;3
LawnchairLauncher/lawnchair;v12.0.0;f082b80316aede6ee61de127cd2576ba3b495e4b;2021-10-11T20:48:45-07:00;198;4beda23d8ae5122309719e753508837b7055909f;2017-06-27T09:04:05+02:00;147.787;62.709;19;1;0;20;8;45;0;1;54;4
LawnchairLauncher/lawnchair;198;4beda23d8ae5122309719e753508837b7055909f;2017-06-27T09:04:05+02:00;236;a229a3b54adc1fd097185f6deaa7ce9be01392a2;2017-07-03T15:36:29+02:00;62.709;62.926;0;0;0;0;0;18;0;4;22;5
LawnchairLauncher/lawnchair;236;a229a3b54adc1fd097185f6deaa7ce9be01392a2;2017-07-03T15:36:29+02:00;238;2320dfd1c41e9060b4a1a50eeff0bc042d294d54;2017-07-03T15:55:51+02:00;62.926;62.926;0;0;0;0;0;1;0;0;1;6
LawnchairLauncher/lawnchair;238;2320dfd1c41e9060b4a1a50eeff0bc042d294d54;2017-07-03T15:55:51+02:00;255;5768b948e6cee2015776cc850506fb0f0254b9f0;2017-07-05T11:28:52+02:00;62.926;63.105;0;0;0;0;0;8;0;0;8;7
LawnchairLauncher/lawnchair;255;5768b948e6cee2015776cc850506fb0f0254b9f0;2017-07-05T11:28:52+02:00;812;41283c8234f15b0d58a87c8151d3955294c9bcbe;2017-07-16T18:15:34+07:00;63.105;70.658;1;0;0;1;2;25;0;0;27;8
LawnchairLauncher/lawnchair;812;41283c8234f15b0d58a87c8151d3955294c9bcbe;2017-07-16T18:15:34+07:00;815;1707feb239651f45b2835f635b798d619b468244;2017-07-16T14:45:48+02:00;70.658;70.667;0;0;0;0;0;0;0;0;0;9
LawnchairLauncher/lawnchair;815;1707feb239651f45b2835f635b798d619b468244;2017-07-16T14:45:48+02:00;818;20a4936943bc2ba2a3c469ef11b5d750ffa56386;2017-07-16T15:02:49+02:00;70.667;70.672;0;0;0;0;0;0;0;0;0;10
azkaban/azkaban;3.0.0;ff3d3ebdbc4982e7592d92fc5e8322af2728d406;2015-11-20T13:47:04-08:00;4.0.0;9018fa2c4afb71b8b86cb8d5092d50d8bcf9c7e1;2021-03-18T00:31:52+05:30;83.675;131.637;495;1;9;505;32;191;0;1;224;1
LibrePDF/OpenPDF;1.0;4eaf6b2c364ffd0b46215995893f6086326f0cb0;2016-05-13T07:26:23+02:00;2.0.0;c6027b5b5b7dbdd0fd3780f5bee2bc32337aad7f;2024-02-14T17:07:16+01:00;103.333;90.361;280;2;0;282;33;198;0;8;239;1
LibrePDF/OpenPDF;2.0.0;c6027b5b5b7dbdd0fd3780f5bee2bc32337aad7f;2024-02-14T17:07:16+01:00;3.0.0;0423baebc44f0da5454958a3613cc102384e22a5;2025-08-17T13:05:48+02:00;90.361;164.932;90;0;1;91;1;41;0;0;42;2
bluelinelabs/Conductor;2.0.0;9386836ab5e5d369b5e688a00e35d40d3b086de8;2016-06-27 18:07:01 -0500;3.0.0;47cf20c28e21837f19c396736d93260974578c9d;2020-11-05 14:40:49 -0600;3.578;6.07;61;1;0;62;2;137;0;0;139;1
orientechnologies/orientdb;2.0;33655040be3fe9e0ae618cfa130a2ffb1930b6b1;2015-01-20 19:58:08 +0100;3.0.0;099033f72305d1c17f27d025b04afad7059c1298;2018-04-09T16:38:25+00:00;154.317;314.946;2936;15;18;2969;115;2546;14;8;2683;1
JabRef/jabref;v3.0;ee7618b21816732ee446102c42d76df59aae065f;2015-11-29T23:25:04+01:00;v4.0;5d23e46382cfdf13399a639665662575d2922eb9;2017-10-04T10:39:57+02:00;144.496;153.009;1171;15;8;1194;44;849;2;65;960;1
JabRef/jabref;v4.0;5d23e46382cfdf13399a639665662575d2922eb9;2017-10-04T10:39:57+02:00;v5.0;60ff83a5f60d97d764bd76fd9762cd76eefdc983;2020-03-06T09:43:06+01:00;153.009;922.002;528;3;0;531;22;710;0;7;739;2
dtinit/data-transfer-project;v1.0.0;63d3e2c4f39568203df8bbcb6db39d1797df0541;2023-03-27T19:05:29+01:00;3;b5edadef50cae50e84c2c8185d3eb293251fe140;2020-01-13T14:57:07-06:00;68.064;37.557;0;0;0;0;0;0;0;0;0;1
dtinit/data-transfer-project;3;b5edadef50cae50e84c2c8185d3eb293251fe140;2020-01-13T14:57:07-06:00;6783599;7100af77eee6aeb5535cd9d4d737e4e63aa3e009;2019-12-16T12:25:14-06:00;37.557;37.438;0;0;0;0;0;0;0;0;0;2
googlemaps/android-maps-utils;1.0.0;10fdcaa45c79516182e141dbe78b2d064109fcd3;2020-02-25 14:20:48 -0800;v2.0.0;f4b83bad8adc419a700947181e93e716a0e1a7a0;2020-06-19T21:17:27+00:00;11.168;8.942;3;0;0;3;0;8;0;0;8;1
googlemaps/android-maps-utils;v2.0.0;f4b83bad8adc419a700947181e93e716a0e1a7a0;2020-06-19T21:17:27+00:00;v3.0.0;c1bbe1d587a9651ac7efd4c9679a603fe4e54ea8;2023-01-09T20:27:15+00:00;8.942;8.99;15;0;1;16;0;18;0;0;18;2
helidon-io/helidon;1.0.0;ea8393129a902be3f4e07c841165eec2f34b86cd;2019-02-14T00:27:43+00:00;2.0.0;268f5aa1811adf9fd3742ca2203e484abfa77ce2;2020-07-13T05:18:21+00:00;64.157;144.586;443;1;0;444;5;182;0;0;187;1
helidon-io/helidon;2.0.0;268f5aa1811adf9fd3742ca2203e484abfa77ce2;2020-07-13T05:18:21+00:00;3.0.0;305bee40a3d32b53377f95403e6ce43c13a24760;2022-08-08T09:58:49+00:00;144.586;220.33;466;5;0;471;4;166;0;1;171;2
helidon-io/helidon;3.0.0;305bee40a3d32b53377f95403e6ce43c13a24760;2022-08-08T09:58:49+00:00;4.0.0;ce8c23320fd96326b93bce39a389814cdf6b1b1a;2023-10-21T14:18:17+00:00;220.33;293.602;520;5;1;526;1;115;0;0;116;3
hazelcast/hazelcast;v2.0;80cc83365405886a5afa8f95b00ab67a78128018;2012-06-04 12:21:57 +0300;v3.0;f4697629e50efa7117f263d30802f4dd291669bb;2013-08-02 17:47:20 +0300;72.568;99.269;693;5;7;705;24;551;0;0;575;1
hazelcast/hazelcast;v3.0;f4697629e50efa7117f263d30802f4dd291669bb;2013-08-02 17:47:20 +0300;v4.0;8b959f580ab91d42c071eac142feb04c5acea72f;2020-02-04T13:59:14+01:00;99.269;378.294;9732;90;96;9918;180;7436;0;27;7643;2
hazelcast/hazelcast;v4.0;8b959f580ab91d42c071eac142feb04c5acea72f;2020-02-04T13:59:14+01:00;v5.0;1e16b359d94195fc4ee11749f5c95ef742438352;2021-09-22T15:19:09+00:00;378.294;549.633;2531;7;4;2542;31;1036;0;11;1078;3
fabric8io/kubernetes-client;1.0.0;3c6b4ea71b177b60e274b6cf7c7902a925b817b3;2015-07-17 11:07:05 -0400;v2.0.0;4b28dbde182d6e9967f0412d63a10d01c04fc51d;2017-02-07 12:20:09 +0000;1.853;14.416;179;0;0;179;2;132;0;9;143;1
fabric8io/kubernetes-client;v2.0.0;4b28dbde182d6e9967f0412d63a10d01c04fc51d;2017-02-07 12:20:09 +0000;v3.0.0;7c6abcf92dd918fd255f7551c2ef89cdd212d99d;2017-10-10 11:49:22 +0000;14.416;17.464;53;2;0;55;0;65;0;5;70;2
fabric8io/kubernetes-client;v3.0.0;7c6abcf92dd918fd255f7551c2ef89cdd212d99d;2017-10-10 11:49:22 +0000;v4.0.0;20f64ce58ad4bdbe0de3746d80b393f8d384a3c1;2018-07-09 19:57:49 +0000;17.464;19.732;91;1;1;93;1;69;0;4;74;3
fabric8io/kubernetes-client;v4.0.0;20f64ce58ad4bdbe0de3746d80b393f8d384a3c1;2018-07-09 19:57:49 +0000;v5.0.0;427919c5ae79ea7982f3a9d0a484e37e3ed0816b;2020-12-30T15:58:04+01:00;19.732;271.139;487;1;5;493;13;449;0;7;469;4
fabric8io/kubernetes-client;v5.0.0;427919c5ae79ea7982f3a9d0a484e37e3ed0816b;2020-12-30T15:58:04+01:00;v6.0.0;43af167c663031dac37f08dda36e35e512462071;2022-07-12T14:52:52+02:00;271.139;992.004;704;0;10;714;6;452;0;17;475;5
fabric8io/kubernetes-client;v6.0.0;43af167c663031dac37f08dda36e35e512462071;2022-07-12T14:52:52+02:00;v7.0.0;e9039a04503a140d60996bcae5931041f933ac89;2024-12-03T11:48:00+01:00;992.004;1299.273;795;3;21;819;1;477;0;10;488;6
kubernetes-client/java;v15.0.0;2bc5635eee052d967b646cb6b758d6992926da91;2022-03-28 12:27:25 +0000;v16.0.0;31516aae97ffadf3cc30a60c6e3687c57914c72e;2022-06-28 21:55:26 +0000;1452.314;1441.761;17;0;0;17;0;10;0;0;10;1
kubernetes-client/java;v16.0.0;31516aae97ffadf3cc30a60c6e3687c57914c72e;2022-06-28 21:55:26 +0000;v17.0.0;2f788cbac8f81fae45881b53b04976036e5d45b6;2022-12-08 22:19:20 +0000;1441.761;1316.982;21;0;0;21;1;11;0;2;14;2
kubernetes-client/java;v17.0.0;2f788cbac8f81fae45881b53b04976036e5d45b6;2022-12-08 22:19:20 +0000;v18.0.0;17dbc8030f4d9f9797f6517d7c0f4b68e56eb9a6;2023-03-03 17:27:45 +0000;1316.982;1317.465;12;0;0;12;1;9;0;2;12;3
kubernetes-client/java;v18.0.0;17dbc8030f4d9f9797f6517d7c0f4b68e56eb9a6;2023-03-03 17:27:45 +0000;v19.0.0;82746297604a907991e23c74902ca348cba73bb3;2023-10-24T18:20:23+02:00;1317.465;1308.653;20;1;1;22;3;22;0;6;31;4
kubernetes-client/java;v19.0.0;82746297604a907991e23c74902ca348cba73bb3;2023-10-24T18:20:23+02:00;v20.0.0;6b53bde279b39ff1248120211b59e846a3f861c3;2024-02-07 00:43:53 +0000;1308.653;1389.985;36;0;0;36;1;9;0;6;16;5
kubernetes-client/java;v20.0.0;6b53bde279b39ff1248120211b59e846a3f861c3;2024-02-07 00:43:53 +0000;v21.0.0;ca355e59d3c0b191b28ab5f0176b57eb2f7bd8f3;2024-06-21 17:40:13 +0000;1389.985;1419.304;25;0;0;25;3;9;0;2;14;6
kubernetes-client/java;v21.0.0;ca355e59d3c0b191b28ab5f0176b57eb2f7bd8f3;2024-06-21 17:40:13 +0000;v22.0.0;8b2bf3312e2eac781950d7693623f5d20de09cd2;2024-11-08T23:28:43+00:00;1419.304;1428.129;17;0;0;17;0;6;0;1;7;7
kubernetes-client/java;v22.0.0;8b2bf3312e2eac781950d7693623f5d20de09cd2;2024-11-08T23:28:43+00:00;v23.0.0;ced342bdaa87a16891137b8c4628cd1d77d310e0;2025-02-19 19:55:22 +0000;1428.129;1447.268;7;0;0;7;0;1;0;0;1;8
kubernetes-client/java;v23.0.0;ced342bdaa87a16891137b8c4628cd1d77d310e0;2025-02-19 19:55:22 +0000;v24.0.0;cb014bc24d96a0b6206371d0d0943245f51c2b30;2025-05-23 18:53:41 +0000;1447.268;1530.582;5;0;0;5;0;3;0;7;10;9
kubernetes-client/java;v24.0.0;cb014bc24d96a0b6206371d0d0943245f51c2b30;2025-05-23 18:53:41 +0000;v25.0.0;dd45f2339571fa4455693b675a70b334a159436d;2025-10-23 18:27:56 +0000;1530.582;1602.009;3;0;0;3;0;5;0;0;5;10